filename,label
crop_20260107_172845_ID1_rank1.jpg,HMMU 554211 2
crop_20260107_172939_ID15_rank1.jpg,
crop_20260107_172939_ID15_rank2.jpg,
crop_20260107_172939_ID15_rank3.jpg,
crop_20260107_173027_ID21_rank1.jpg,ONEU 201315 3
crop_20260107_173027_ID21_rank2.jpg,ONEU 201315 3
crop_20260107_173027_ID21_rank3.jpg,ONEU 201315 3
crop_20260107_173042_ID32_rank1.jpg,ONEU 250499 0
crop_20260107_173044_ID35_rank1.jpg,ONEU 223818 6
crop_20260107_173044_ID35_rank2.jpg,ONEU 223818 6
crop_20260107_173044_ID35_rank3.jpg,ONEU 223818 6
crop_20260107_173104_ID36_rank1.jpg,SEGU 808629 4
crop_20260107_173104_ID36_rank2.jpg,SEGU 808629 4
crop_20260107_173104_ID36_rank3.jpg,SEGU 808629 4
crop_20260107_173436_ID5_rank1.jpg,HMMU 554211 2
crop_20260107_173436_ID5_rank2.jpg,HMMU 554211 2
crop_20260107_173436_ID5_rank3.jpg,HMMU 554211 2
crop_20260107_173436_ID12_rank1.jpg,HMMU 554211 2
crop_20260107_173529_ID17_rank1.jpg,TGBU 369972 5
crop_20260107_173529_ID17_rank2.jpg,TGBU 369972 5
crop_20260107_173529_ID17_rank3.jpg,TGBU 369972 5
crop_20260107_173616_ID21_rank1.jpg,ONEU 201315 3
crop_20260107_173616_ID21_rank2.jpg,ONEU 201315 3
crop_20260107_173616_ID21_rank3.jpg,ONEU 201315 3
crop_20260107_173627_ID22_rank1.jpg,ONEU 250499 0
crop_20260107_173627_ID22_rank2.jpg,ONEU 250499 0
crop_20260107_173627_ID22_rank3.jpg,ONEU 250499 0
crop_20260107_173634_ID25_rank1.jpg,ONEU 223818 6
crop_20260107_173634_ID25_rank2.jpg,ONEU 223818 6
crop_20260107_173634_ID25_rank3.jpg,ONEU 223818 6
crop_20260107_173650_ID26_rank1.jpg,SEGU 808629 4
crop_20260107_173650_ID26_rank2.jpg,SEGU 808629 4
crop_20260107_173650_ID26_rank3.jpg,SEGU 808629 4
crop_20260107_173743_ID28_rank1.jpg,TIIU 595515 2
crop_20260107_173743_ID28_rank2.jpg,TIIU 595515 2
crop_20260107_173743_ID28_rank3.jpg,TIIU 595515 2
crop_20260107_173941_ID3_rank1.jpg,TEMU 063577 4
crop_20260107_173941_ID3_rank2.jpg,TEMU 063577 4
crop_20260107_173941_ID3_rank3.jpg,TEMU 063577 4
crop_20260107_174214_ID47_rank1.jpg,NYKU 989389 7
crop_20260107_174214_ID47_rank2.jpg,NYKU 989389 7
crop_20260107_174214_ID47_rank3.jpg,NYKU 989389 7
crop_20260107_174301_ID57_rank1.jpg,YMLU 339320 3
crop_20260107_174301_ID57_rank2.jpg,YMLU 339320 3
crop_20260107_174301_ID57_rank3.jpg,YMLU 339320 3
crop_20260107_174533_ID1_rank1.jpg,ONEU 667159 5
crop_20260107_174533_ID1_rank2.jpg,ONEU 667159 5
crop_20260107_174533_ID1_rank3.jpg,ONEU 667159 5
crop_20260107_174710_ID50_rank1.jpg,ONEU 684095 1
crop_20260107_174710_ID50_rank2.jpg,ONEU 684095 1
crop_20260107_174710_ID50_rank3.jpg,ONEU 684095 1
crop_20260107_174724_ID53_rank1.jpg,KOCU 446051 0
crop_20260107_174724_ID53_rank2.jpg,KOCU 446051 0
crop_20260107_174724_ID53_rank3.jpg,KOCU 446051 0
crop_20260107_174824_ID55_rank1.jpg,NYKU 989389 7
crop_20260107_174824_ID55_rank2.jpg,NYKU 989389 7
crop_20260107_174824_ID55_rank3.jpg,NYKU 989389 7
crop_20260107_175211_ID8_rank1.jpg,RLTU 207700 5
crop_20260107_175211_ID8_rank2.jpg,RLTU 207700 5
crop_20260107_175211_ID8_rank3.jpg,RLTU 207700 5
crop_20260107_175818_ID8_rank1.jpg,RLTU 207700 5
crop_20260107_175818_ID8_rank2.jpg,RLTU 207700 5
crop_20260107_175818_ID8_rank3.jpg,RLTU 207700 5
crop_20260107_180253_ID11_rank1.jpg,RLTU 207700 5
crop_20260107_180601_ID13_rank1.jpg,TIIU 602579 9
crop_20260107_180601_ID13_rank2.jpg,TIIU 602579 9
crop_20260107_180601_ID13_rank3.jpg,TIIU 602579 9
crop_20260107_181044_ID2_rank1.jpg,HMMU 554211 2
crop_20260107_181044_ID2_rank2.jpg,HMMU 554211 2
crop_20260107_181044_ID2_rank3.jpg,HMMU 554211 2
crop_20260107_181046_ID4_rank1.jpg,HMMU 554211 2
crop_20260107_181046_ID4_rank2.jpg,HMMU 554211 2
crop_20260107_181046_ID4_rank3.jpg,HMMU 554211 2
crop_20260107_181046_ID6_rank1.jpg,HMMU 554211 2
crop_20260107_181244_ID8_rank1.jpg,TGBU 369972 5
crop_20260107_181244_ID8_rank2.jpg,TGBU 369972 5
crop_20260107_181244_ID9_rank1.jpg,TGBU 369972 5
crop_20260107_181244_ID9_rank2.jpg,TGBU 369972 5
crop_20260107_181244_ID9_rank3.jpg,TGBU 369972 5
crop_20260107_181244_ID10_rank1.jpg,TGBU 369972 5
crop_20260107_181244_ID10_rank2.jpg,TGBU 369972 5
crop_20260107_181244_ID10_rank3.jpg,TGBU 369972 5
crop_20260107_181244_ID11_rank1.jpg,TGBU 369972 5
crop_20260107_181244_ID11_rank2.jpg,TGBU 369972 5
crop_20260107_181244_ID11_rank3.jpg,TGBU 369972 5
crop_20260107_181245_ID13_rank1.jpg,TGBU 369972 5
crop_20260107_181245_ID13_rank2.jpg,TGBU 369972 5
crop_20260107_181245_ID14_rank1.jpg,TGBU 369972 5
crop_20260107_181245_ID14_rank2.jpg,TGBU 369972 5
crop_20260107_181245_ID14_rank3.jpg,TGBU 369972 5
crop_20260107_181245_ID12_rank1.jpg,TGBU 369972 5
crop_20260107_181245_ID12_rank2.jpg,TGBU 369972 5
crop_20260107_181245_ID12_rank3.jpg,TGBU 369972 5
crop_20260107_181245_ID15_rank1.jpg,TGBU 369972 5
crop_20260107_181245_ID15_rank2.jpg,TGBU 369972 5
crop_20260107_181245_ID15_rank3.jpg,TGBU 369972 5
crop_20260107_181246_ID18_rank1.jpg,TGBU 369972 5
crop_20260107_181246_ID18_rank2.jpg,TGBU 369972 5
crop_20260107_181246_ID19_rank1.jpg,TGBU 369972 5
crop_20260107_181246_ID19_rank2.jpg,TGBU 369972 5
crop_20260107_181246_ID19_rank3.jpg,TGBU 369972 5
crop_20260107_181246_ID21_rank1.jpg,TGBU 369972 5
crop_20260107_181246_ID21_rank2.jpg,TGBU 369972 5
crop_20260107_181414_ID46_rank1.jpg,
crop_20260107_181428_ID53_rank1.jpg,ONEU 201315 3
crop_20260107_181428_ID53_rank2.jpg,ONEU 201315 3
crop_20260107_181428_ID54_rank1.jpg,ONEU 201315 3
crop_20260107_181428_ID54_rank2.jpg,ONEU 201315 3
crop_20260107_181428_ID54_rank3.jpg,ONEU 201315 3
crop_20260107_181429_ID71_rank1.jpg,ONEU 201315 3
crop_20260107_181429_ID71_rank2.jpg,ONEU 201315 3
crop_20260107_181429_ID71_rank3.jpg,ONEU 201315 3
crop_20260107_181429_ID66_rank1.jpg,ONEU 201315 3
crop_20260107_181429_ID66_rank2.jpg,ONEU 201315 3
crop_20260107_181429_ID66_rank3.jpg,ONEU 201315 3
crop_20260107_181429_ID72_rank1.jpg,ONEU 201315 3
crop_20260107_181429_ID72_rank2.jpg,ONEU 201315 3
crop_20260107_181429_ID72_rank3.jpg,ONEU 201315 3
crop_20260107_181430_ID76_rank1.jpg,ONEU 201315 3
crop_20260107_181430_ID76_rank2.jpg,ONEU 201315 3
crop_20260107_181430_ID94_rank1.jpg,ONEU 201315 3
crop_20260107_181430_ID94_rank2.jpg,ONEU 201315 3
crop_20260107_181508_ID108_rank1.jpg,ONEU 250499 0
crop_20260107_181508_ID108_rank2.jpg,ONEU 250499 0
crop_20260107_181508_ID108_rank3.jpg,ONEU 250499 0
crop_20260107_181508_ID106_rank1.jpg,ONEU 250499 0
crop_20260107_181508_ID106_rank2.jpg,ONEU 250499 0
crop_20260107_181508_ID106_rank3.jpg,ONEU 250499 0
crop_20260107_181509_ID109_rank1.jpg,ONEU 250499 0
crop_20260107_181509_ID109_rank2.jpg,ONEU 250499 0
crop_20260107_181509_ID109_rank3.jpg,ONEU 250499 0
crop_20260107_181509_ID111_rank1.jpg,ONEU 223818 6
crop_20260107_181509_ID111_rank2.jpg,ONEU 223818 6
crop_20260107_181509_ID112_rank1.jpg,ONEU 250499 0
crop_20260107_181509_ID112_rank2.jpg,ONEU 250499 0
crop_20260107_181510_ID113_rank1.jpg,ONEU 223818 6
crop_20260107_181510_ID113_rank2.jpg,ONEU 223818 6
crop_20260107_181510_ID113_rank3.jpg,ONEU 223818 6
crop_20260107_181510_ID114_rank1.jpg,ONEU 223818 6
crop_20260107_181510_ID114_rank2.jpg,ONEU 223818 6
crop_20260107_181510_ID114_rank3.jpg,ONEU 223818 6
crop_20260107_181511_ID117_rank1.jpg,ONEU 223818 6
crop_20260107_181511_ID117_rank2.jpg,ONEU 223818 6
crop_20260107_181511_ID118_rank1.jpg,ONEU 223818 6
crop_20260107_181511_ID118_rank2.jpg,ONEU 223818 6
crop_20260107_181511_ID118_rank3.jpg,ONEU 223818 6
crop_20260107_181511_ID119_rank1.jpg,ONEU 223818 6
crop_20260107_181511_ID119_rank2.jpg,ONEU 223818 6
crop_20260107_181511_ID119_rank3.jpg,ONEU 223818 6
crop_20260107_181511_ID115_rank1.jpg,ONEU 250499 0
crop_20260107_181511_ID115_rank2.jpg,ONEU 250499 0
crop_20260107_181511_ID115_rank3.jpg,ONEU 250499 0
crop_20260107_181511_ID120_rank1.jpg,ONEU 223818 6
crop_20260107_181511_ID120_rank2.jpg,ONEU 223818 6
crop_20260107_181511_ID121_rank1.jpg,ONEU 223818 6
crop_20260107_181511_ID121_rank2.jpg,ONEU 223818 8
crop_20260107_181511_ID121_rank3.jpg,ONEU 223818 6
crop_20260107_181512_ID124_rank1.jpg,ONEU 223818 6
crop_20260107_181512_ID124_rank2.jpg,ONEU 223818 6
crop_20260107_181512_ID125_rank1.jpg,ONEU 223818 6
crop_20260107_181512_ID125_rank2.jpg,ONEU 223818 6
crop_20260107_181512_ID126_rank1.jpg,ONEU 223818 6
crop_20260107_181512_ID126_rank2.jpg,ONEU 223818 6
crop_20260107_181512_ID126_rank3.jpg,ONEU 223818 6
crop_20260107_181512_ID127_rank1.jpg,ONEU 223818 6
crop_20260107_181512_ID127_rank2.jpg,ONEU 223818 6
crop_20260107_181512_ID127_rank3.jpg,ONEU 223818 6
crop_20260107_181513_ID128_rank1.jpg,ONEU 223818 6
crop_20260107_181513_ID128_rank2.jpg,ONEU 223818 6
crop_20260107_181513_ID128_rank3.jpg,ONEU 223818 6
crop_20260107_181513_ID130_rank1.jpg,ONEU 223818 6
crop_20260107_181514_ID131_rank1.jpg,ONEU 223818 6
crop_20260107_181514_ID131_rank2.jpg,ONEU 223818 6
crop_20260107_181514_ID131_rank3.jpg,ONEU 223818 6
crop_20260107_181533_ID134_rank1.jpg,
crop_20260107_181534_ID139_rank1.jpg,
crop_20260107_181534_ID139_rank2.jpg,
crop_20260107_181534_ID139_rank3.jpg,
crop_20260107_181545_ID141_rank1.jpg,
crop_20260107_181545_ID141_rank2.jpg,
crop_20260107_181545_ID141_rank3.jpg,
crop_20260107_181545_ID142_rank1.jpg,
crop_20260107_181545_ID142_rank2.jpg,
crop_20260107_181545_ID142_rank3.jpg,
crop_20260107_181545_ID143_rank1.jpg,
crop_20260107_181545_ID143_rank2.jpg,
crop_20260107_181545_ID143_rank3.jpg,
crop_20260107_181545_ID145_rank1.jpg,
crop_20260107_181545_ID145_rank2.jpg,
crop_20260107_181545_ID145_rank3.jpg,
crop_20260107_181546_ID146_rank1.jpg,
crop_20260107_181546_ID146_rank2.jpg,
crop_20260107_181546_ID144_rank1.jpg,
crop_20260107_181546_ID144_rank2.jpg,
crop_20260107_181546_ID144_rank3.jpg,
crop_20260107_181546_ID150_rank1.jpg,
crop_20260107_181546_ID153_rank1.jpg,
crop_20260107_181546_ID157_rank1.jpg,SEGU 808629 4
crop_20260107_181547_ID159_rank1.jpg,
crop_20260107_181547_ID160_rank1.jpg,
crop_20260107_181547_ID160_rank2.jpg,
crop_20260107_181547_ID160_rank3.jpg,SEGU 808629 4
crop_20260107_181547_ID162_rank1.jpg,
crop_20260107_181548_ID171_rank1.jpg,
crop_20260107_181548_ID171_rank2.jpg,SEGU 808629 4
crop_20260107_181548_ID171_rank3.jpg,SEGU 808629 4
crop_20260107_181636_ID173_rank1.jpg,
crop_20260107_181636_ID173_rank2.jpg,
crop_20260107_181636_ID173_rank3.jpg,
crop_20260107_181731_ID175_rank1.jpg,
crop_20260107_181735_ID178_rank1.jpg,
crop_20260107_181735_ID178_rank2.jpg,
crop_20260107_181735_ID178_rank3.jpg,
crop_20260107_181737_ID177_rank1.jpg,
crop_20260107_181737_ID177_rank2.jpg,
crop_20260107_181737_ID177_rank3.jpg,
crop_20260107_181740_ID179_rank1.jpg,TIIU 595515 2
crop_20260107_181740_ID179_rank2.jpg,TIIU 595515 2
crop_20260107_181740_ID179_rank3.jpg,TIIU 595515 2
crop_20260107_181740_ID181_rank1.jpg,TIIU 595515 2
crop_20260107_181740_ID181_rank2.jpg,TIIU 595515 2
crop_20260107_181740_ID181_rank3.jpg,TIIU 595515 2
crop_20260107_181741_ID180_rank1.jpg,
crop_20260107_181741_ID180_rank2.jpg,TIIU 595515 2
crop_20260107_181741_ID180_rank3.jpg,
crop_20260107_181932_ID212_rank1.jpg,
crop_20260107_181932_ID212_rank2.jpg,
crop_20260107_181932_ID212_rank3.jpg,
crop_20260107_181933_ID211_rank1.jpg,
crop_20260107_181933_ID211_rank2.jpg,
crop_20260107_181933_ID211_rank3.jpg,
crop_20260107_182019_ID28_rank1.jpg,HMMU 554211 2
crop_20260107_182019_ID28_rank2.jpg,HMMU 554211 2
crop_20260107_182020_ID29_rank1.jpg,HMMU 554211 2
crop_20260107_182020_ID29_rank2.jpg,HMMU 554211 2
crop_20260107_182020_ID29_rank3.jpg,HMMU 554211 2
crop_20260107_182033_ID31_rank1.jpg,HMMU 554211 2
crop_20260107_182033_ID31_rank2.jpg,HMMU 554211 2
crop_20260107_182033_ID31_rank3.jpg,HMMU 554211 2
crop_20260107_182034_ID32_rank1.jpg,HMMU 554211 2
crop_20260107_182034_ID32_rank2.jpg,HMMU 554211 2
crop_20260107_182034_ID32_rank3.jpg,HMMU 554211 2
crop_20260107_182224_ID41_rank1.jpg,TGBU 369972 5
crop_20260107_182224_ID41_rank2.jpg,TGBU 369972 5
crop_20260107_182224_ID41_rank3.jpg,TGBU 369972 5
crop_20260107_182225_ID43_rank1.jpg,TGBU 369972 5
crop_20260107_182225_ID43_rank2.jpg,TGBU 369972 5
crop_20260107_182225_ID43_rank3.jpg,TGBU 369972 5
crop_20260107_182236_ID42_rank1.jpg,TGBU 369972 5
crop_20260107_182236_ID42_rank2.jpg,TGBU 369972 5
crop_20260107_182236_ID42_rank3.jpg,TGBU 369972 5
crop_20260107_182236_ID44_rank1.jpg,TGBU 369972 5
crop_20260107_182236_ID44_rank2.jpg,TGBU 369972 5
crop_20260107_182236_ID44_rank3.jpg,TGBU 369972 5
crop_20260107_182411_ID47_rank1.jpg,ONEU 201315 3
crop_20260107_182411_ID47_rank2.jpg,ONEU 201315 3
crop_20260107_182411_ID47_rank3.jpg,ONEU 201315 3
crop_20260107_182412_ID49_rank1.jpg,ONEU 201315 3
crop_20260107_182412_ID49_rank2.jpg,ONEU 201315 3
crop_20260107_182424_ID48_rank1.jpg,ONEU 201315 3
crop_20260107_182424_ID48_rank2.jpg,ONEU 201315 3
crop_20260107_182424_ID48_rank3.jpg,ONEU 201315 3
crop_20260107_182425_ID52_rank1.jpg,ONEU 201315 3
crop_20260107_182425_ID52_rank2.jpg,ONEU 201315 3
crop_20260107_182425_ID52_rank3.jpg,ONEU 201315 3
crop_20260107_182425_ID55_rank1.jpg,
crop_20260107_182425_ID55_rank2.jpg,
crop_20260107_182425_ID55_rank3.jpg,
crop_20260107_182443_ID56_rank1.jpg,ONEU 250499 0
crop_20260107_182443_ID56_rank2.jpg,ONEU 250499 0
crop_20260107_182444_ID64_rank1.jpg,ONEU 250499 0
crop_20260107_182444_ID67_rank1.jpg,ONEU 250499 0
crop_20260107_182444_ID68_rank1.jpg,ONEU 260499 0
crop_20260107_182444_ID68_rank2.jpg,ONEU 250499 0
crop_20260107_182445_ID69_rank1.jpg,ONEU 250499 0
crop_20260107_182445_ID69_rank2.jpg,ONEU 250499 0
crop_20260107_182445_ID69_rank3.jpg,ONEU 250499 0
crop_20260107_182448_ID70_rank1.jpg,ONEU 250499 0
crop_20260107_182448_ID70_rank2.jpg,ONEU 250499 0
crop_20260107_182448_ID70_rank3.jpg,ONEU 250499 0
crop_20260107_182448_ID71_rank1.jpg,ONEU 223818 6
crop_20260107_182448_ID71_rank2.jpg,ONEU 223818 6
crop_20260107_182448_ID71_rank3.jpg,ONEU 223818 6
crop_20260107_182449_ID73_rank1.jpg,
crop_20260107_182449_ID74_rank1.jpg,
crop_20260107_182449_ID75_rank1.jpg,ONEU 223818 6
crop_20260107_182449_ID75_rank2.jpg,ONEU 223818 6
crop_20260107_182507_ID72_rank1.jpg,ONEU 223818 6
crop_20260107_182507_ID72_rank2.jpg,ONEU 223818 6
crop_20260107_182507_ID72_rank3.jpg,ONEU 223818 6
crop_20260107_182507_ID76_rank1.jpg,ONEU 223818 6
crop_20260107_182507_ID76_rank2.jpg,ONEU 223818 6
crop_20260107_182507_ID76_rank3.jpg,ONEU 223818 6
crop_20260107_182526_ID81_rank1.jpg,
crop_20260107_182526_ID81_rank2.jpg,
crop_20260107_182526_ID81_rank3.jpg,
crop_20260107_182534_ID90_rank1.jpg,SEGU 808629 4
crop_20260107_182534_ID90_rank2.jpg,SEGU 808629 4
crop_20260107_182534_ID90_rank3.jpg,SEGU 808629 4
crop_20260107_182540_ID93_rank1.jpg,SEGU 808629 4
crop_20260107_182540_ID93_rank2.jpg,SEGU 808629 4
crop_20260107_182540_ID93_rank3.jpg,SEGU 808629 4
crop_20260107_182542_ID94_rank1.jpg,SEGU 808629 4
crop_20260107_182542_ID94_rank2.jpg,SEGU 808629 4
crop_20260107_182542_ID94_rank3.jpg,SEGU 808629 4
crop_20260107_182634_ID101_rank1.jpg,
crop_20260107_182634_ID96_rank1.jpg,
crop_20260107_182634_ID96_rank2.jpg,
crop_20260107_182634_ID102_rank1.jpg,
crop_20260107_182634_ID103_rank1.jpg,
crop_20260107_182731_ID110_rank1.jpg,TIIU 595515 2
crop_20260107_182731_ID110_rank2.jpg,TIIU 595515 2
crop_20260107_182731_ID116_rank1.jpg,TIIU 595515 2
crop_20260107_182731_ID116_rank2.jpg,TIIU 595515 2
crop_20260107_182731_ID117_rank1.jpg,TIIU 595515 2
crop_20260107_182731_ID117_rank2.jpg,TIIU 595515 2
crop_20260107_182731_ID117_rank3.jpg,TIIU 595515 2
crop_20260107_182732_ID118_rank1.jpg,TIIU 595515 2
crop_20260107_182732_ID118_rank2.jpg,TIIU 595515 2
crop_20260107_182732_ID118_rank3.jpg,TIIU 595515 2
crop_20260107_182732_ID125_rank1.jpg,TIIU 595515 2
crop_20260107_182732_ID126_rank1.jpg,TIIU 595515 2
crop_20260107_182732_ID126_rank2.jpg,TIIU 595515 2
crop_20260107_182732_ID126_rank3.jpg,TIIU 595515 2
crop_20260107_182735_ID127_rank1.jpg,TIIU 595515 2
crop_20260107_182735_ID127_rank2.jpg,TIIU 595515 2
crop_20260107_182735_ID132_rank1.jpg,TIIU 595515 2
crop_20260107_182744_ID128_rank1.jpg,TIIU 595515 2
crop_20260107_182744_ID128_rank2.jpg,TIIU 595515 2
crop_20260107_182744_ID128_rank3.jpg,TIIU 595515 2
crop_20260107_182745_ID133_rank1.jpg,TIIU 595515 2
crop_20260107_182745_ID133_rank2.jpg,TIIU 595515 2
crop_20260107_182745_ID133_rank3.jpg,TIIU 595515 2
crop_20260107_183102_ID1_rank1.jpg,
crop_20260107_183102_ID1_rank2.jpg,
crop_20260107_183102_ID1_rank3.jpg,
crop_20260107_183107_ID2_rank1.jpg,ONEU 667159 5
crop_20260107_183107_ID2_rank2.jpg,ONEU 667159 5
crop_20260107_183107_ID2_rank3.jpg,ONEU 667159 5
crop_20260107_183107_ID3_rank1.jpg,ONEU 667159 5
crop_20260107_183107_ID3_rank2.jpg,ONEU 667159 5
crop_20260107_183107_ID3_rank3.jpg,ONEU 667159 5
crop_20260107_183107_ID4_rank1.jpg,DNEU 667159 5
crop_20260107_183107_ID4_rank2.jpg,ONEU 667159 5
crop_20260107_183107_ID4_rank3.jpg,ONEU 667159 5
crop_20260107_183107_ID6_rank1.jpg,ONEU 667159 5
crop_20260107_183132_ID41_rank1.jpg,
crop_20260107_183134_ID45_rank1.jpg,TEMU 063577 4
crop_20260107_183134_ID45_rank2.jpg,TEMU 063577 4
crop_20260107_183134_ID45_rank3.jpg,TEMU 063577 4
crop_20260107_183134_ID44_rank1.jpg,TEMU 063577 4
crop_20260107_183134_ID44_rank2.jpg,TEMU 063577 4
crop_20260107_183134_ID44_rank3.jpg,TEMU 063577 4
crop_20260107_183135_ID48_rank1.jpg,TEMU 063577 4
crop_20260107_183135_ID49_rank1.jpg,TEMU 063577 4
crop_20260107_183135_ID49_rank2.jpg,TEMU 063577 4
crop_20260107_183135_ID49_rank3.jpg,TEMU 063577 4
crop_20260107_183136_ID53_rank1.jpg,TEMU 063577 4
crop_20260107_183136_ID53_rank2.jpg,TEMU 063577 4
crop_20260107_183136_ID53_rank3.jpg,TEMU 063577 4
crop_20260107_183136_ID54_rank1.jpg,TEMU 063577 4
crop_20260107_183136_ID54_rank2.jpg,TEMU 063577 4
crop_20260107_183136_ID54_rank3.jpg,TEMU 063577 4
crop_20260107_183202_ID62_rank1.jpg,COPU 300436 0
crop_20260107_183202_ID62_rank2.jpg,COPU 300436 0
crop_20260107_183202_ID62_rank3.jpg,COPU 300436 0
crop_20260107_183203_ID65_rank1.jpg,COPU 300436 0
crop_20260107_183203_ID65_rank2.jpg,COPU 300436 0
crop_20260107_183203_ID75_rank1.jpg,COPU 300436 0
crop_20260107_183203_ID75_rank2.jpg,COPU 300436 0
crop_20260107_183203_ID75_rank3.jpg,COPU 300436 0
crop_20260107_183223_ID91_rank1.jpg,
crop_20260107_183223_ID91_rank2.jpg,
crop_20260107_183223_ID91_rank3.jpg,
crop_20260107_183234_ID94_rank1.jpg,TEMU 795266 2
crop_20260107_183234_ID94_rank2.jpg,TEMU 795266 2
crop_20260107_183234_ID94_rank3.jpg,TEMU 795266 2
crop_20260107_183235_ID93_rank1.jpg,TEMU 795266 2
crop_20260107_183235_ID93_rank2.jpg,TEMU 795266 2
crop_20260107_183235_ID93_rank3.jpg,TEMU 795266 2
crop_20260107_183237_ID98_rank1.jpg,
crop_20260107_183237_ID99_rank1.jpg,
crop_20260107_183237_ID102_rank1.jpg,TEMU 795266 2
crop_20260107_183237_ID102_rank2.jpg,TEMU 795266 2
crop_20260107_183237_ID102_rank3.jpg,TEMU 795266 2
crop_20260107_183237_ID103_rank1.jpg,TEMU 795266 2
crop_20260107_183300_ID128_rank1.jpg,
crop_20260107_183300_ID128_rank2.jpg,
crop_20260107_183300_ID128_rank3.jpg,
crop_20260107_183302_ID134_rank1.jpg,
crop_20260107_183303_ID137_rank1.jpg,
crop_20260107_183303_ID137_rank2.jpg,
crop_20260107_183303_ID142_rank1.jpg,
crop_20260107_183303_ID142_rank2.jpg,
crop_20260107_183304_ID144_rank1.jpg,
crop_20260107_183304_ID144_rank2.jpg,
crop_20260107_183304_ID144_rank3.jpg,
crop_20260107_183305_ID145_rank1.jpg,
crop_20260107_183305_ID145_rank2.jpg,
crop_20260107_183305_ID145_rank3.jpg,
crop_20260107_183305_ID131_rank1.jpg,
crop_20260107_183305_ID131_rank2.jpg,
crop_20260107_183305_ID131_rank3.jpg,
crop_20260107_183307_ID146_rank1.jpg,
crop_20260107_183307_ID146_rank2.jpg,
crop_20260107_183307_ID146_rank3.jpg,
crop_20260107_183308_ID150_rank1.jpg,
crop_20260107_183308_ID150_rank2.jpg,
crop_20260107_183308_ID150_rank3.jpg,
crop_20260107_183309_ID151_rank1.jpg,
crop_20260107_183309_ID151_rank2.jpg,
crop_20260107_183346_ID152_rank1.jpg,
crop_20260107_183346_ID152_rank2.jpg,
crop_20260107_183346_ID152_rank3.jpg,
crop_20260107_183357_ID156_rank1.jpg,ONEU 684095 1
crop_20260107_183357_ID156_rank2.jpg,ONEU 684095 1
crop_20260107_183357_ID156_rank3.jpg,ONEU 684095 1
crop_20260107_183357_ID154_rank1.jpg,ONEU 684095 1
crop_20260107_183357_ID154_rank2.jpg,ONEU 684095 1
crop_20260107_183357_ID154_rank3.jpg,ONEU 684095 1
crop_20260107_183400_ID163_rank1.jpg,
crop_20260107_183408_ID194_rank1.jpg,
crop_20260107_183408_ID194_rank2.jpg,
crop_20260107_183408_ID194_rank3.jpg,
crop_20260107_183420_ID197_rank1.jpg,
crop_20260107_183420_ID197_rank2.jpg,
crop_20260107_183420_ID197_rank3.jpg,
crop_20260107_183423_ID199_rank1.jpg,KOCU 446051 0
crop_20260107_183423_ID199_rank2.jpg,KOCU 446051 0
crop_20260107_183423_ID199_rank3.jpg,KOCU 446051 0
crop_20260107_183423_ID200_rank1.jpg,KOCU 446051 0
crop_20260107_183423_ID200_rank2.jpg,KOCU 446051 0
crop_20260107_183423_ID200_rank3.jpg,KOCU 446051 0
crop_20260107_183423_ID201_rank1.jpg,KOCU 446051 0
crop_20260107_183423_ID201_rank2.jpg,KOCU 446051 0
crop_20260107_183423_ID202_rank1.jpg,KOCU 446051 0
crop_20260107_183423_ID202_rank2.jpg,KOCU 446051 0
crop_20260107_183423_ID202_rank3.jpg,KOCU 446051 0
crop_20260107_183426_ID203_rank1.jpg,
crop_20260107_183426_ID204_rank1.jpg,
crop_20260107_183426_ID204_rank2.jpg,
crop_20260107_183426_ID206_rank1.jpg,
crop_20260107_183427_ID208_rank1.jpg,KOCU 446051 0
crop_20260107_183427_ID208_rank2.jpg,KOCU 446051 0
crop_20260107_183427_ID218_rank1.jpg,KOCU 446051 0
crop_20260107_183427_ID218_rank2.jpg,KOCU 446051 0
crop_20260107_183427_ID221_rank1.jpg,KOCU 446051 0
crop_20260107_183428_ID229_rank1.jpg,KOCU 446051 0
crop_20260107_183428_ID230_rank1.jpg,KOCU 446051 0
crop_20260107_183457_ID232_rank1.jpg,
crop_20260107_183457_ID232_rank2.jpg,
crop_20260107_183458_ID233_rank1.jpg,
crop_20260107_183458_ID233_rank2.jpg,
crop_20260107_183458_ID233_rank3.jpg,
crop_20260107_183458_ID234_rank1.jpg,
crop_20260107_183458_ID234_rank2.jpg,
crop_20260107_183459_ID237_rank1.jpg,
crop_20260107_183459_ID238_rank1.jpg,
crop_20260107_183459_ID238_rank2.jpg,
crop_20260107_183500_ID239_rank1.jpg,
crop_20260107_183500_ID239_rank2.jpg,
crop_20260107_183500_ID239_rank3.jpg,
crop_20260107_183502_ID243_rank1.jpg,
crop_20260107_183502_ID243_rank2.jpg,
crop_20260107_183502_ID243_rank3.jpg,
crop_20260107_183505_ID240_rank1.jpg,
crop_20260107_183505_ID240_rank2.jpg,
crop_20260107_183505_ID240_rank3.jpg,
crop_20260107_183543_ID251_rank1.jpg,
crop_20260107_183543_ID251_rank2.jpg,
crop_20260107_183543_ID251_rank3.jpg,
crop_20260107_183613_ID259_rank1.jpg,
crop_20260107_183613_ID259_rank2.jpg,NYKU 989389 7
crop_20260107_183613_ID259_rank3.jpg,NYKU 989389 7
crop_20260107_183614_ID258_rank1.jpg,
crop_20260107_183614_ID258_rank2.jpg,
crop_20260107_183614_ID258_rank3.jpg,NYKU 989389 7
crop_20260107_183614_ID252_rank1.jpg,NYKU 989389 7
crop_20260107_183614_ID252_rank2.jpg,NYKU 989389 7
crop_20260107_183614_ID252_rank3.jpg,NYKU 989389 7
crop_20260107_183616_ID260_rank1.jpg,NYKU 989389 7
crop_20260107_183616_ID260_rank2.jpg,NYKU 989389 7
crop_20260107_183616_ID260_rank3.jpg,NYKU 989389 7
crop_20260107_183707_ID264_rank1.jpg,
crop_20260107_183709_ID268_rank1.jpg,
crop_20260107_183721_ID272_rank1.jpg,
crop_20260107_183721_ID270_rank1.jpg,
crop_20260107_183721_ID270_rank2.jpg,
crop_20260107_183721_ID270_rank3.jpg,
crop_20260107_183722_ID276_rank1.jpg,
crop_20260107_183722_ID277_rank1.jpg,
crop_20260107_183722_ID277_rank2.jpg,
crop_20260107_183722_ID277_rank3.jpg,
crop_20260107_183722_ID278_rank1.jpg,
crop_20260107_183722_ID278_rank2.jpg,
crop_20260107_183722_ID279_rank1.jpg,
crop_20260107_183722_ID279_rank2.jpg,
crop_20260107_183722_ID279_rank3.jpg,
crop_20260107_183722_ID280_rank1.jpg,
crop_20260107_183722_ID280_rank2.jpg,
crop_20260107_183722_ID280_rank3.jpg,
crop_20260107_183723_ID281_rank1.jpg,YMLU 339320 3
crop_20260107_183723_ID281_rank2.jpg,YMLU 339320 3
crop_20260107_183723_ID281_rank3.jpg,YMLU 339320 3
crop_20260107_183734_ID298_rank1.jpg,
crop_20260107_183734_ID298_rank2.jpg,
crop_20260107_183741_ID300_rank1.jpg,
crop_20260107_183742_ID301_rank1.jpg,HMMU 543774 0
crop_20260107_183742_ID301_rank2.jpg,HMMU 543774 0
crop_20260107_183742_ID301_rank3.jpg,HMMU 543774 0
crop_20260107_183742_ID302_rank1.jpg,HMMU 543774 0
crop_20260107_183742_ID302_rank2.jpg,HMMU 543774 0
crop_20260107_183742_ID307_rank1.jpg,
crop_20260107_183742_ID307_rank2.jpg,
crop_20260107_183742_ID307_rank3.jpg,
crop_20260107_183744_ID318_rank1.jpg,HMMU 543774 0
crop_20260107_183806_ID343_rank1.jpg,
crop_20260107_183806_ID343_rank2.jpg,
crop_20260107_183815_ID346_rank1.jpg,TRHU 371197 9
crop_20260107_183815_ID346_rank2.jpg,
crop_20260107_183815_ID346_rank3.jpg,TRHU 321197 9
crop_20260107_183815_ID348_rank1.jpg,TRHU 321197 9
crop_20260107_183816_ID355_rank1.jpg,TRHU 321197 9
crop_20260107_183816_ID364_rank1.jpg,TRHU 321197 9
crop_20260107_183838_ID394_rank1.jpg,
crop_20260107_183838_ID394_rank2.jpg,
crop_20260107_183838_ID394_rank3.jpg,
crop_20260107_183842_ID398_rank1.jpg,
crop_20260107_183842_ID398_rank2.jpg,
crop_20260107_183842_ID398_rank3.jpg,
crop_20260107_184040_ID29_rank1.jpg,ONEU 667159 5
crop_20260107_184040_ID33_rank1.jpg,ONEU 667159 5
crop_20260107_184040_ID33_rank2.jpg,ONEU 667159 5
crop_20260107_184040_ID34_rank1.jpg,ONEU 667159 5
crop_20260107_184040_ID34_rank2.jpg,ONEU 667159 5
crop_20260107_184040_ID34_rank3.jpg,ONEU 667159 5
crop_20260107_184047_ID28_rank1.jpg,ONEU 667159 5
crop_20260107_184047_ID28_rank2.jpg,ONEU 667159 5
crop_20260107_184047_ID28_rank3.jpg,ONEU 667159 5
crop_20260107_184048_ID35_rank1.jpg,ONEU 667159 5
crop_20260107_184048_ID35_rank2.jpg,ONEU 667159 5
crop_20260107_184048_ID35_rank3.jpg,ONEU 667159 5
crop_20260107_184104_ID42_rank1.jpg,TEMU 063577 4
crop_20260107_184104_ID42_rank2.jpg,TEMU 063577 4
crop_20260107_184104_ID42_rank3.jpg,TEMU 063577 4
crop_20260107_184114_ID43_rank1.jpg,TEMU 063577 4
crop_20260107_184114_ID43_rank2.jpg,TEMU 063577 4
crop_20260107_184114_ID43_rank3.jpg,TEMU 063577 4
crop_20260107_184115_ID45_rank1.jpg,TEMU 063577 4
crop_20260107_184115_ID45_rank2.jpg,TEMU 063577 4
crop_20260107_184115_ID45_rank3.jpg,TEMU 063577 4
crop_20260107_184138_ID70_rank1.jpg,COPU 300436 0
crop_20260107_184138_ID82_rank1.jpg,COPU 300436 0
crop_20260107_184138_ID81_rank1.jpg,COPU 300436 0
crop_20260107_184138_ID81_rank2.jpg,COPU 300436 0
crop_20260107_184139_ID84_rank1.jpg,COPU 300436 0
crop_20260107_184139_ID84_rank2.jpg,COPU 300436 0
crop_20260107_184139_ID84_rank3.jpg,COPU 300436 0
crop_20260107_184139_ID85_rank1.jpg,COPU 300436 0
crop_20260107_184139_ID85_rank2.jpg,COPU 300436 0
crop_20260107_184139_ID85_rank3.jpg,COPU 300436 0
crop_20260107_184139_ID86_rank1.jpg,COPU 300436 0
crop_20260107_184139_ID86_rank2.jpg,COPU 300436 0
crop_20260107_184139_ID86_rank3.jpg,COPU 300436 0
crop_20260107_184139_ID87_rank1.jpg,COPU 300436 0
crop_20260107_184139_ID87_rank2.jpg,COPU 300436 0
crop_20260107_184139_ID87_rank3.jpg,COPU 300436 0
crop_20260107_184139_ID88_rank1.jpg,COPU 300436 0
crop_20260107_184139_ID88_rank2.jpg,COPU 300436 0
crop_20260107_184139_ID88_rank3.jpg,COPU 300436 0
crop_20260107_184140_ID89_rank1.jpg,COPU 300436 0
crop_20260107_184140_ID89_rank2.jpg,COPU 300436 0
crop_20260107_184140_ID89_rank3.jpg,COPU 300436 0
crop_20260107_184147_ID91_rank1.jpg,
crop_20260107_184147_ID92_rank1.jpg,
crop_20260107_184148_ID94_rank1.jpg,
crop_20260107_184148_ID94_rank2.jpg,
crop_20260107_184148_ID94_rank3.jpg,
crop_20260107_184205_ID98_rank1.jpg,TEMU 795266 2
crop_20260107_184205_ID98_rank2.jpg,TEMU 795266 2
crop_20260107_184205_ID98_rank3.jpg,TEMU 795266 2
crop_20260107_184205_ID99_rank1.jpg,TEMU 795266 2
crop_20260107_184205_ID99_rank2.jpg,TEMU 795266 2
crop_20260107_184205_ID99_rank3.jpg,TEMU 795266 2
crop_20260107_184206_ID101_rank1.jpg,
crop_20260107_184206_ID101_rank2.jpg,
crop_20260107_184206_ID101_rank3.jpg,
crop_20260107_184206_ID102_rank1.jpg,
crop_20260107_184207_ID100_rank1.jpg,TEMU 795266 2
crop_20260107_184207_ID100_rank2.jpg,TEMU 795266 2
crop_20260107_184207_ID100_rank3.jpg,TEMU 795266 2
crop_20260107_184211_ID112_rank1.jpg,
crop_20260107_184211_ID112_rank2.jpg,
crop_20260107_184220_ID111_rank1.jpg,TEMU 795266 2
crop_20260107_184220_ID111_rank2.jpg,TEMU 795266 2
crop_20260107_184220_ID111_rank3.jpg,TEMU 795266 2
crop_20260107_184221_ID113_rank1.jpg,TEMU 795266 2
crop_20260107_184221_ID113_rank2.jpg,TEMU 795266 2
crop_20260107_184221_ID113_rank3.jpg,TEMU 795266 2
crop_20260107_184246_ID120_rank1.jpg,
crop_20260107_184246_ID120_rank2.jpg,
crop_20260107_184246_ID120_rank3.jpg,
crop_20260107_184336_ID152_rank1.jpg,
crop_20260107_184336_ID152_rank2.jpg,
crop_20260107_184336_ID152_rank3.jpg,
crop_20260107_184337_ID153_rank1.jpg,
crop_20260107_184340_ID158_rank1.jpg,ONEU 684095 1
crop_20260107_184340_ID158_rank2.jpg,ONEU 684095 1
crop_20260107_184348_ID154_rank1.jpg,ONEU 684095 1
crop_20260107_184348_ID154_rank2.jpg,ONEU 684095 1
crop_20260107_184348_ID154_rank3.jpg,ONEU 684095 1
crop_20260107_184349_ID159_rank1.jpg,ONEU 684095 1
crop_20260107_184349_ID159_rank2.jpg,ONEU 684095 1
crop_20260107_184349_ID159_rank3.jpg,ONEU 684095 1
crop_20260107_184400_ID182_rank1.jpg,KOCU 446051 0
crop_20260107_184400_ID191_rank1.jpg,KOCU 446051 0
crop_20260107_184400_ID191_rank2.jpg,KOCU 446051 0
crop_20260107_184406_ID196_rank1.jpg,KOCU 446051 0
crop_20260107_184406_ID196_rank2.jpg,KOCU 446051 0
crop_20260107_184406_ID196_rank3.jpg,KOCU 446051 0
crop_20260107_184414_ID192_rank1.jpg,KOCU 446051 0
crop_20260107_184414_ID192_rank2.jpg,KOCU 446051 0
crop_20260107_184414_ID192_rank3.jpg,KOCU 446051 0
crop_20260107_184415_ID193_rank1.jpg,KOCU 446051 0
crop_20260107_184415_ID193_rank2.jpg,KOCU 446051 0
crop_20260107_184415_ID193_rank3.jpg,KOCU 446051 0
crop_20260107_184450_ID224_rank1.jpg,
crop_20260107_184450_ID224_rank2.jpg,
crop_20260107_184450_ID225_rank1.jpg,
crop_20260107_184450_ID225_rank2.jpg,
crop_20260107_184450_ID225_rank3.jpg,
crop_20260107_184543_ID237_rank1.jpg,NYKU 989389 7
crop_20260107_184543_ID237_rank2.jpg,NYKU 989389 7
crop_20260107_184543_ID237_rank3.jpg,NYKU 989389 7
crop_20260107_184604_ID238_rank1.jpg,NYKU 989389 7
crop_20260107_184604_ID238_rank2.jpg,NYKU 989389 7
crop_20260107_184604_ID238_rank3.jpg,NYKU 989389 7
crop_20260107_184605_ID239_rank1.jpg,NYKU 989389 7
crop_20260107_184605_ID239_rank2.jpg,NYKU 989389 7
crop_20260107_184605_ID239_rank3.jpg,NYKU 989389 7
crop_20260107_184705_ID249_rank1.jpg,YMLU 339320 3
crop_20260107_184705_ID249_rank2.jpg,YMLU 339320 3
crop_20260107_184706_ID250_rank1.jpg,YMLU 339320 3
crop_20260107_184706_ID250_rank2.jpg,YMLU 339320 3
crop_20260107_184706_ID250_rank3.jpg,YMLU 339320 3
crop_20260107_184707_ID248_rank1.jpg,YMLU 339320 3
crop_20260107_184707_ID248_rank2.jpg,YMLU 339320 3
crop_20260107_184707_ID248_rank3.jpg,YMLU 339320 3
crop_20260107_184717_ID251_rank1.jpg,YMLU 339320 3
crop_20260107_184717_ID251_rank2.jpg,YMLU 339320 3
crop_20260107_184717_ID251_rank3.jpg,YMLU 339320 3
crop_20260107_184717_ID253_rank1.jpg,YMLU 339320 3
crop_20260107_184717_ID253_rank2.jpg,YMLU 339320 3
crop_20260107_184717_ID253_rank3.jpg,YMLU 339320 3
crop_20260107_184730_ID278_rank1.jpg,HMMU 543774 0
crop_20260107_184730_ID278_rank2.jpg,HMMU 543774 0
crop_20260107_184731_ID291_rank1.jpg,HMMU 543774 0
crop_20260107_184731_ID291_rank2.jpg,HMMU 543774 0
crop_20260107_184731_ID292_rank1.jpg,HMMU 543774 0
crop_20260107_184743_ID294_rank1.jpg,HMMU 543774 0
crop_20260107_184743_ID294_rank2.jpg,HMMU 543774 0
crop_20260107_184743_ID294_rank3.jpg,HMMU 543774 0
crop_20260107_184743_ID295_rank1.jpg,HMMU 543774 0
crop_20260107_184743_ID295_rank2.jpg,HMMU 543774 0
crop_20260107_184743_ID295_rank3.jpg,HMMU 543774 0
crop_20260107_184806_ID314_rank1.jpg,
crop_20260107_184806_ID314_rank2.jpg,
crop_20260107_184807_ID315_rank1.jpg,
crop_20260107_184807_ID315_rank2.jpg,
crop_20260107_184807_ID315_rank3.jpg,
crop_20260107_184807_ID316_rank1.jpg,TRHU 321197 9
crop_20260107_184807_ID318_rank1.jpg,TRHU 321197 9
crop_20260107_184808_ID328_rank1.jpg,TRHU 321197 9
crop_20260107_184808_ID330_rank1.jpg,TRHU 321197 9
crop_20260107_184808_ID334_rank1.jpg,TRHU 321197 9
crop_20260107_184808_ID334_rank2.jpg,TRHU 321197 9
crop_20260107_184808_ID334_rank3.jpg,TRHU 321197 9
crop_20260107_184808_ID337_rank1.jpg,
crop_20260107_184809_ID338_rank1.jpg,
crop_20260107_184809_ID320_rank1.jpg,TRHU 321197 9
crop_20260107_184809_ID320_rank2.jpg,TRHU 321197 9
crop_20260107_184809_ID320_rank3.jpg,TRHU 321197 9
crop_20260107_184809_ID343_rank1.jpg,
crop_20260107_184809_ID343_rank2.jpg,
crop_20260107_184809_ID344_rank1.jpg,
crop_20260107_184809_ID344_rank2.jpg,
crop_20260107_184810_ID345_rank1.jpg,
crop_20260107_184810_ID345_rank2.jpg,
crop_20260107_184810_ID332_rank1.jpg,TRHU 321197 9
crop_20260107_184810_ID332_rank2.jpg,TRHU 321197 9
crop_20260107_184810_ID332_rank3.jpg,TRHU 321197 9
crop_20260107_185722_ID2_rank1.jpg,
crop_20260107_185729_ID3_rank1.jpg,
crop_20260107_185729_ID3_rank2.jpg,
crop_20260107_185729_ID3_rank3.jpg,
crop_20260107_185732_ID4_rank1.jpg,KOCU 460963 0
crop_20260107_185732_ID4_rank2.jpg,KOCU 460963 0
crop_20260107_185732_ID4_rank3.jpg,KOCU 460963 0
crop_20260107_185733_ID8_rank1.jpg,KOCU 460963 0
crop_20260107_185733_ID8_rank2.jpg,KOCU 460963 0
crop_20260107_185733_ID9_rank1.jpg,KOCU 460963 0
crop_20260107_185733_ID9_rank2.jpg,KOCU 460963 0
crop_20260107_185733_ID9_rank3.jpg,KOCU 460963 0
crop_20260107_185733_ID7_rank1.jpg,
crop_20260107_185733_ID7_rank2.jpg,
crop_20260107_185733_ID7_rank3.jpg,
crop_20260107_185733_ID10_rank1.jpg,KOCU 460963 0
crop_20260107_185733_ID10_rank2.jpg,KOCU 460963 0
crop_20260107_185733_ID10_rank3.jpg,KOCU 460963 0
crop_20260107_185733_ID11_rank1.jpg,KOCU 460963 0
crop_20260107_185733_ID11_rank2.jpg,KOCU 460963 0
crop_20260107_185841_ID46_rank1.jpg,RLTU 207700 5
crop_20260107_185843_ID50_rank1.jpg,
crop_20260107_185843_ID50_rank2.jpg,
crop_20260107_185843_ID50_rank3.jpg,RLTU 207700 5
crop_20260107_185844_ID59_rank1.jpg,RLTU 207700 5
crop_20260107_185844_ID59_rank2.jpg,RLTU 207700 5
crop_20260107_185844_ID59_rank3.jpg,RLTU 207700 5
crop_20260107_190024_ID81_rank1.jpg,
crop_20260107_190024_ID82_rank1.jpg,
crop_20260107_190025_ID85_rank1.jpg,
crop_20260107_190025_ID86_rank1.jpg,
crop_20260107_190025_ID87_rank1.jpg,
crop_20260107_190027_ID88_rank1.jpg,
crop_20260107_190027_ID88_rank2.jpg,
crop_20260107_190027_ID88_rank3.jpg,
crop_20260107_190228_ID100_rank1.jpg,
crop_20260107_190230_ID101_rank1.jpg,
crop_20260107_190230_ID101_rank2.jpg,
crop_20260107_190230_ID101_rank3.jpg,
crop_20260107_190333_ID113_rank1.jpg,ONEU 928044 4
crop_20260107_190333_ID113_rank2.jpg,ONEU 928044 4
crop_20260107_190333_ID113_rank3.jpg,ONEU 928044 4
crop_20260107_190335_ID115_rank1.jpg,
crop_20260107_190335_ID115_rank2.jpg,
crop_20260107_190335_ID115_rank3.jpg,
crop_20260107_190340_ID117_rank1.jpg,
crop_20260107_190340_ID117_rank2.jpg,
crop_20260107_190340_ID117_rank3.jpg,
crop_20260107_190341_ID119_rank1.jpg,ONEU 928044 4
crop_20260107_190341_ID119_rank2.jpg,ONEU 928044 4
crop_20260107_190341_ID119_rank3.jpg,ONEU 928044 4
crop_20260107_190342_ID124_rank1.jpg,
crop_20260107_190419_ID162_rank1.jpg,
crop_20260107_190419_ID162_rank2.jpg,
crop_20260107_190419_ID162_rank3.jpg,
crop_20260107_190423_ID167_rank1.jpg,TIIU 602579 9
crop_20260107_190423_ID167_rank2.jpg,TIIU 602579 9
crop_20260107_190423_ID167_rank3.jpg,
crop_20260107_190423_ID164_rank1.jpg,TIIU 602579 9
crop_20260107_190423_ID164_rank2.jpg,TIIU 602579 9
crop_20260107_190423_ID164_rank3.jpg,TIIU 602579 9
crop_20260107_190426_ID169_rank1.jpg,
crop_20260107_190426_ID169_rank2.jpg,
crop_20260107_190426_ID169_rank3.jpg,
crop_20260107_190429_ID170_rank1.jpg,TIIU 602579 9
crop_20260107_190429_ID170_rank2.jpg,TIIU 602579 9
crop_20260107_190429_ID170_rank3.jpg,TIIU 602579 9
crop_20260107_190549_ID174_rank1.jpg,
crop_20260107_190549_ID174_rank2.jpg,
crop_20260107_190552_ID181_rank1.jpg,NYKU 358818 1
crop_20260107_190552_ID181_rank2.jpg,NYKU 358818 1
crop_20260107_190552_ID181_rank3.jpg,NYKU 358818 1
crop_20260107_190552_ID187_rank1.jpg,
crop_20260107_190552_ID187_rank2.jpg,NYKU 358818 1
crop_20260107_190552_ID187_rank3.jpg,NYKU 358818 1
crop_20260107_190552_ID193_rank1.jpg,NYKU 358818 1
crop_20260107_190552_ID193_rank2.jpg,NYKU 358818 1
crop_20260107_190552_ID196_rank1.jpg,NYKU 358818 1
crop_20260107_190553_ID198_rank1.jpg,NYKU 358818 1
crop_20260107_190553_ID198_rank2.jpg,NYKU 358818 1
crop_20260107_190553_ID199_rank1.jpg,NYKU 358818 1
crop_20260107_190553_ID199_rank2.jpg,NYKU 358818 1
crop_20260107_190553_ID199_rank3.jpg,NYKU 358818 1
crop_20260107_190553_ID200_rank1.jpg,NYKU 358818 1
crop_20260107_190553_ID200_rank2.jpg,NYKU 358818 1
crop_20260107_190553_ID200_rank3.jpg,NYKU 358818 1
crop_20260107_190553_ID203_rank1.jpg,NYKU 358818 1
crop_20260107_190553_ID204_rank1.jpg,NYKU 358818 1
crop_20260107_190553_ID204_rank2.jpg,NYKU 358818 1
crop_20260107_190553_ID204_rank3.jpg,NYKU 358818 1
crop_20260107_190554_ID205_rank1.jpg,NYKU 358818 1
crop_20260107_190554_ID205_rank2.jpg,NYKU 358818 1
crop_20260107_190554_ID205_rank3.jpg,NYKU 358818 1
crop_20260107_190716_ID213_rank1.jpg,
crop_20260107_190716_ID213_rank2.jpg,